{
    "list": [
        {
            "name":"Сіроштан Олександр Васильович",
            "region_id":10,
            "id":1,
            "dir":"1",
            "img_person":"15132513805a326234c5060-200x200.jpg",
            "party":"Регіональна організація політичної партії \"Опозиційний блок\" в Миколаївській області",
            "faction":"Депутатська фракція політичної партії \"Опозиційний блок\"",
            "county":"17 - Доманівський район",
            "position":"Член постійної комісії Постійна комісія обласної ради з питань аграрної політики, земельних відносин та соціального розвитку села",
            "files":[
                {
                    "adress":"Книга1.xlsx",
                    "type":"xlsx"
                }
            ]
        }
    ]
}