{
     "list": [
        {
            "name":"Арбузинський",
            "id":1
        },
        {
            "name":"Баштанський",
            "id":2
        },
        {
            "name":"Березанський",
            "id":3
        },
        {
            "name":"Березнегуватський",
            "id":4
        },
        {
            "name":"Братський",
            "id":5
        },
        {
            "name":"Веселинівський",
            "id":6
        },
        {
            "name":"Вітовський",
            "id":7
        },
        {
            "name":"Вознесенський",
            "id":8
        },
        {
            "name":"Врадіївський",
            "id":9
        },
        {
            "name":"Доманівський",
            "id":10
        },
        {
            "name":"Єланецький",
            "id":11
        },
        {
            "name":"Казанківський",
            "id":12
        },
        {
            "name":"Кривоозерський",
            "id":13
        },
        {
            "name":"Миколаївський",
            "id":14
        },
        {
            "name":"Новобузький",
            "id":15
        },
        {
            "name":"Новоодеський",
            "id":16
        },
        {
            "name":"Очаківський",
            "id":17
        },
        {
            "name":"Первомайський",
            "id":18
        },
        {
            "name":"Снігурівський",
            "id":19
        }
        
     ]
}








