{
    "list": [
        {
            "name":"Автономна Республіка Крим",
            "id":1
        },
        {
            "name":"Вінницька область",
            "id":2
        },
        {
            "name":"Волинська область",
            "id":3
        },
        {
            "name":"Дніпропетровська область",
            "id":4
        },
        {
            "name":"Донецька область",
            "id":5
        },
        {
            "name":"Житомирська область",
            "id":6
        },
        {
            "name":"Закарпатська область",
            "id":7
        },
        {
            "name":"Запорізька область",
            "id":8
        },
        {
            "name":"Івано-Франківська область",
            "id":9
        },
        {
            "name":"Київська область",
            "id":10
        },
        {
            "name":"Кіровоградська область",
            "id":11
        },
        {
            "name":"Луганська область",
            "id":12
        },
        {
            "name":"Львівська область",
            "id":13
        },
        {
            "name":"м. Київ",
            "id":14
        },
        {
            "name":"м. Севастополь",
            "id":15
        },
        {
            "name":"Миколаївська область",
            "id":16
        },
        {
            "name":"Одеська область",
            "id":17
        },
        {
            "name":"Полтавська область",
            "id":18
        },
        {
            "name":"Рівненська область",
            "id":19
        },
        {
            "name":"Сумська область",
            "id":20
        },
        {
            "name":"Тернопільська область",
            "id":21
        },
        {
            "name":"Харківська область",
            "id":22
        },
        {
            "name":"Херсонська область",
            "id":23
        },
        {
            "name":"Хмельницька область",
            "id":24
        },
        {
            "name":"Черкаська область",
            "id":25
        },
        {
            "name":"Чернівецька область",
            "id":26
        },
        {
            "name":"Чернігівська область",
            "id":27
        }
    ]
}
