{
     "list": [
        {
            "name":"с.Антонівка",
            "id":1
        },
        {
            "name":"с.Воля",
            "id":2
        },
        {
            "name":"с.Довжанка",
            "id":3
        },
        {
            "name":"с.Довженки",
            "id":4
        },
        {
            "name":"с.Маринівка",
            "id":5
        },
        {
            "name":"с.Акмечетські Ставки",
            "id":6
        },
        {
            "name":"с.Жовтневе",
            "id":7
        },
        {
            "name":"с.Птиче",
            "id":8
        },
        {
            "name":"с.Анетівка",
            "id":9
        },
        {
            "name":"с.Прибужжя",
            "id":10
        },
        {
            "name":"с.Щуцьке",
            "id":11
        },
        {
            "name":"с.Олександродар",
            "id":12
        },
        {
            "name":"с.Сила",
            "id":13
        },
        {
            "name":"с.Фрунзе",
            "id":14
        },
        {
            "name":"с.Богданівка",
            "id":15
        },
        {
            "name":"с.Виноградний Сад",
            "id":16
        },
        {
            "name":"с.Калинівка",
            "id":17
        },
        {
            "name":"с.Куйбишевка",
            "id":18
        },
        {
            "name":"с.Мар’ївка",
            "id":19
        },
        {
            "name":"с.Петрівка",
            "id":20
        },
        {
            "name":"с.Червоний Київ",
            "id":21
        },
        {
            "name":"с.Володимирівка Володимирівської сільської ради",
            "id":22
        },
        {
            "name":"с.Копані",
            "id":23
        },
        {
            "name":"с.Царедарівка",
            "id":24
        },
        {
            "name":"с.Богданівське",
            "id":25
        },
        {
            "name":"с.Вікторівка",
            "id":26
        },
        {
            "name":"с.Зелений Гай",
            "id":27
        },
        {
            "name":"с.Коштове",
            "id":28
        },
        {
            "name":"с.Новолікарське",
            "id":29
        },
        {
            "name":"с.Кузнецове",
            "id":30
        },
        {
            "name":"с.Трудолюбівка",
            "id":31
        },
        {
            "name":"с.Щасливка",
            "id":32
        },
        {
            "name":"с.Володимирівка Щасливської сільської ради",
            "id":33
        },
        {
            "name":"с.Копи",
            "id":34
        },
        {
            "name":"с.Новоселівка",
            "id":35
        },
        {
            "name":"с.Олександрівка",
            "id":36
        },
        {
            "name":"с.Шевченко",
            "id":37
        },
        {
            "name":"с.Широкі Криниці",
            "id":38
        }
        
     ]
}








